insert into User values('sportslover', 'Paul', 'Walker', 'paulpass93', 'sportslover@hotmail.com');
insert into User values('traveler', 'Rebecca', 'Travolta', 'rebeccapass15', 'rebt@explore.org');
insert into User values('spacejunkie', 'Bob', 'Spacey', 'bob1pass', 'bspace@spacejunkies.net');
insert into Album values(DEFAULT, 'I love sports', DEFAULT, DEFAULT, 'sportslover');
insert into Album values(DEFAULT, 'I love football', DEFAULT, DEFAULT, 'sportslover');
insert into Album values(DEFAULT, 'Around The World', DEFAULT, DEFAULT, 'traveler');
insert into Album values(DEFAULT, 'Cool Space Shots', DEFAULT, DEFAULT, 'spacejunkie');
insert into Photo values('617949b3896e1bc30e322a2e54eddf70', 'jpg', DEFAULT);
insert into Contain values(0, 2, '617949b3896e1bc30e322a2e54eddf70', '');
insert into Photo values('44b5ef27c8da620628d9e10d539a131d', 'jpg', DEFAULT);
insert into Contain values(1, 2, '44b5ef27c8da620628d9e10d539a131d', '');
insert into Photo values('ba1cf31817e46a2a11b0ff2df8636215', 'jpg', DEFAULT);
insert into Contain values(2, 2, 'ba1cf31817e46a2a11b0ff2df8636215', '');
insert into Photo values('81327944f15df5f3d55ffdf80fc25467', 'jpg', DEFAULT);
insert into Contain values(3, 2, '81327944f15df5f3d55ffdf80fc25467', '');
insert into Photo values('0f6e2f349ab46411400d2ee221954add', 'jpg', DEFAULT);
insert into Contain values(4, 4, '0f6e2f349ab46411400d2ee221954add', '');
insert into Photo values('e3b2df133e4707cec6d67a89e58a929a', 'jpg', DEFAULT);
insert into Contain values(5, 4, 'e3b2df133e4707cec6d67a89e58a929a', '');
insert into Photo values('54be74ef4766d48578134e8887e8d606', 'jpg', DEFAULT);
insert into Contain values(6, 4, '54be74ef4766d48578134e8887e8d606', '');
insert into Photo values('26f86fa126d68f387099344fdf8e6309', 'jpg', DEFAULT);
insert into Contain values(7, 4, '26f86fa126d68f387099344fdf8e6309', '');
insert into Photo values('ae66d7fe18a3ab98761e7230c28d3db4', 'jpg', DEFAULT);
insert into Contain values(8, 4, 'ae66d7fe18a3ab98761e7230c28d3db4', '');
insert into Photo values('dc809c18bfa5d38b37e42ab943b5ba27', 'jpg', DEFAULT);
insert into Contain values(9, 1, 'dc809c18bfa5d38b37e42ab943b5ba27', '');
insert into Photo values('06d796584443668a5891fef0c3ad5c19', 'jpg', DEFAULT);
insert into Contain values(10, 1, '06d796584443668a5891fef0c3ad5c19', '');
insert into Photo values('a3add40b9da9c031e01d80fc17fc6162', 'jpg', DEFAULT);
insert into Contain values(11, 1, 'a3add40b9da9c031e01d80fc17fc6162', '');
insert into Photo values('77b99984ba031dda2f5b9b991ff46314', 'jpg', DEFAULT);
insert into Contain values(12, 1, '77b99984ba031dda2f5b9b991ff46314', '');
insert into Photo values('9cac3904cbfdded8e523cb77571f6b09', 'jpg', DEFAULT);
insert into Contain values(13, 1, '9cac3904cbfdded8e523cb77571f6b09', '');
insert into Photo values('7e82acb09114d80cb1bd8fcc1eb0c5af', 'jpg', DEFAULT);
insert into Contain values(14, 1, '7e82acb09114d80cb1bd8fcc1eb0c5af', '');
insert into Photo values('27614219d432678431388150d0e50f60', 'jpg', DEFAULT);
insert into Contain values(15, 1, '27614219d432678431388150d0e50f60', '');
insert into Photo values('56467402d39e3c72400a1b42d7f490ba', 'jpg', DEFAULT);
insert into Contain values(16, 1, '56467402d39e3c72400a1b42d7f490ba', '');
insert into Photo values('5f5e9898bf51e6b560a5c405935bcde5', 'jpg', DEFAULT);
insert into Contain values(17, 3, '5f5e9898bf51e6b560a5c405935bcde5', '');
insert into Photo values('db0ba39a492685036a6dcbdda792af9c', 'jpg', DEFAULT);
insert into Contain values(18, 3, 'db0ba39a492685036a6dcbdda792af9c', '');
insert into Photo values('7b5b131edfddc975b3fe17166ad312ba', 'jpg', DEFAULT);
insert into Contain values(19, 3, '7b5b131edfddc975b3fe17166ad312ba', '');
insert into Photo values('fde78f8f0f362b50edfdc2c2c7aee707', 'jpg', DEFAULT);
insert into Contain values(20, 3, 'fde78f8f0f362b50edfdc2c2c7aee707', '');
insert into Photo values('dd2910d3859d1b4fe28a599b03f1785b', 'jpg', DEFAULT);
insert into Contain values(21, 3, 'dd2910d3859d1b4fe28a599b03f1785b', '');
insert into Photo values('d05b328c0f545b2db9fb70404117b23d', 'jpg', DEFAULT);
insert into Contain values(22, 3, 'd05b328c0f545b2db9fb70404117b23d', '');
insert into Photo values('8a07cd8ee7e7ff0824cb8a1edd1dd6df', 'jpg', DEFAULT);
insert into Contain values(23, 3, '8a07cd8ee7e7ff0824cb8a1edd1dd6df', '');
insert into Photo values('bfac877bbd8736aa2b4cfeb4af12ef1c', 'jpg', DEFAULT);
insert into Contain values(24, 3, 'bfac877bbd8736aa2b4cfeb4af12ef1c', '');
insert into Photo values('b285ec9da01d3daeeb03e99454331fa8', 'jpg', DEFAULT);
insert into Contain values(25, 3, 'b285ec9da01d3daeeb03e99454331fa8', '');
insert into Photo values('4658af54e439e036c41d9d35509b781e', 'jpg', DEFAULT);
insert into Contain values(26, 3, '4658af54e439e036c41d9d35509b781e', '');
insert into Photo values('730b73786fa8a331d8cbd201246dc351', 'jpg', DEFAULT);
insert into Contain values(27, 3, '730b73786fa8a331d8cbd201246dc351', '');
insert into Photo values('401a3ead4e90e7bd7955f43f29921d36', 'jpg', DEFAULT);
insert into Contain values(28, 3, '401a3ead4e90e7bd7955f43f29921d36', '');
insert into Photo values('efcc1d1360a20a21a09ca94a1e4ec97d', 'jpg', DEFAULT);
insert into Contain values(29, 3, 'efcc1d1360a20a21a09ca94a1e4ec97d', '');
